{
  "_format": "hh-sol-cache-2",
  "files": {
    "C:\\Users\\Ritik\\Desktop\\VOTING SYSTEM\\decentralized-voting\\contracts\\Voting.sol": {
      "lastModificationDate": 1734412642157,
      "contentHash": "c5cf8ba927a4f089b704f734d54e2496",
      "sourceName": "contracts/Voting.sol",
      "solcConfig": {
        "version": "0.8.18",
        "settings": {
          "optimizer": {
            "enabled": false,
            "runs": 200
          },
          "outputSelection": {
            "*": {
              "*": [
                "abi",
                "evm.bytecode",
                "evm.deployedBytecode",
                "evm.methodIdentifiers",
                "metadata"
              ],
              "": [
                "ast"
              ]
            }
          }
        }
      },
      "imports": [],
      "versionPragmas": [
        "^0.8.0"
      ],
      "artifacts": [
        "Voting"
      ]
    }
  }
}
